ID,Revision/Version,Region,Scene Type
Action Forces Sample,1.86,SCEE,Development
Arcade Machine 136,1.86,SCEE,Development
Arcade Tutorial,1.86,SCEE,Development
Bake Lighting Sample,1.86,SCEE,Development
Blend Shader Sample,1.86,SCEE,Development
Cloth Sample,1.86,SCEE,Development
Collision User ID Sample,1.86,SCEE,Development
Companion Sample,1.86,SCEE,Development
Day Night Cycle Sample,1.86,SCEE,Development
Dynamic Lighting,1.86,SCEE,Development
Engine Settings Sample,1.86,SCEE,Development
Entity Animation Blending,1.86,SCEE,Development
FPS Sample Test Scene,1.86,SCEE,Development
Gymnasium,1.86,SCEE,Development
HTS_Aeronautilus Test Scene,1.86,SCEE,Development
HTS Electrical Space Test Scene,1.86,SCEE,Development
Interactive Slideshow Sample,1.86,SCEE,Development
Locomotion Item Samples,1.86,SCEE,Development
LOD Sample,1.86,SCEE,Development
Minigame Tutorial,1.86,SCEE,Development
Object Instance Example,1.86,SCEE,Development
Repertoire Sample,1.86,SCEE,Development
Screens Example,1.86,SCEE,Development
Scripted Scene Tutorial,1.86,SCEE,Development
Scripted Sky,1.86,SCEE,Development
Simple Animation Example,1.86,SCEE,Development
Video Recorder Sample,1.86,SCEE,Development
Water Example 1.3.6,1.86,SCEE,Development
